"Accounting fraud, fraudulent accounting ""cosmetic accounting"""
"all suspicious deposits or transfers, irrespective of their value."
American Civil Liberties Union 
Anti-Bribery Convention
anti-corruption 
Antigua
"Anti-terrorism, Crime and Security Act 2001"
Anti-Terrorist Financing Guidelines
Antunzio-Wylie Anti-Money Laundering Act
Apg(Asia/Pacific Group of Laundering)
arms trafficking
AUSTRAC system 
Bank capture
Bank of Credit and Commerce International
Bank Secrecy Act
"Bank Secrecy Act, BSA"
Benefit fraud
blackmail
Bribery 
Cannabis cultivation
Caribbean countries 
Cash for Honours
cash transaction report (CTR).
Cash-for-questions affair
Casinos
CDD (Customer Due Diligence)
CDSA criminalises the laundering of proceeds
client identification
Colombia
Combating the Financing of Terrorism CFT
commission
commission occulte
compliance management software.
Compliance Reporting 
ComplyAdvantage
conduct customer due diligence (CDD)
Consultative Committee of Accountancy Bodies (CCAB). 
corrupt deal 
Costa Rica 
Crime at travellers' sites
criminal acts of bribery 
criminal policy point of view
currency transaction reporting (CTR) systems
Currency Transaction Reports (CTR)
customer identity management systems
Customer Identity Management Systems 
cyber fraud and gunrunning.
Cybercrime
data-protection advisory committee to the European Union 
Department of Justice
designated non-financial businesses and professions (DNFBPs)
DFAT
drug cartels 
drug dealing or criminal conduct
drug dealings
drug dealings
drug trafficking
EDD (Enhanced Due Diligence)
Efficient Sanctions Screening
electronic fund transfers
Evasion of social insurance payments
fake front websites
False Positive Recording 
FATF Blacklist (https://en.wikipedia.org/wiki/FATF_blacklist)
FATF(Financial Action Task Force on Money Laundering)
FCPA (Foreign Corrupt Practices Act)
Federal of Police of Switzerland
financial and reputational risk screening.
Financial Crimes Enforcement Network
Financial Crimes Enforcement Network
Financial Crimes Enforcement Network (FinCEN) 
Financial Intelligence Centre 
Financial Intelligence Unit (FIU) 
FIU(Financial Intelligence Unit)
Foreign Corrupt Practices Act
Foreign Corrupt Practices Act 
Fraud
fuzzy matching
gambling
Global Sanctions & Watchlists
Groupe d'action financière (GAFI)
Guatemala
he Eurasian Group on Combating Money Laundering and Financing of Terrorism (EAG) 
Heads of International Organisations (HIOs). 
High Intensity Money Laundering and Related Financial Crime Area(HIFCA) 
Honduras
Human smuggling and human trafficking
human trafficking
identity verification
Illegal posession of firearms
illegal practices
Illegal workers
Indian Income Tax Department
Indian Income Tax Department
informal value transfer systems
International Money Laundering Information Network
Jamaica
kick-back 
kickbacks
large-scale currency smuggling
Monero 
Monetary Authority of Singapore (MAS)
Monetary Authority of Singapore (MAS)
money laundering and terrorist financing intelligence-sharing 
Money laundering and terrorist funding legislation in the UK is governed by four Acts of primary legislation
money laundering laws
"Money Laundering Regulation, Terrorist Financing and Transfer of Funds (Information on the Payer) Regulations 2017 "
Money Laundering Regulations 2003
Money Laundering Regulations 2007
Money Laundering Regulations 2007 Section
Money Reunder of Crime Act
monitor transactions for suspicious activity
mordida
non-financial businesses and professions (DNFBPs) 
Office of National Drug Control Policy
Other Serious Crimes (Confiscation of Benefits) Act (CDSA). 
Politically exposed person
Politically Exposed Person (PEP) 
Politically Exposed Persons
pot-de-vin
pots-de-vin
preventing human trafficking criminals 
Proceeds of Crime Act 2002
Prominent Influential Persons (PIPs)
prosecution of bribery 
ransomware attacks
ransomware attacks
RDC (Regulatory DataCorp)
record-keeping and reporting requirements 
regulated sector 
RELX Group 
revolving door
Riggs Bank
Round-tripping
Saint Vincent and the Grenadines
Sanctions and Anti-Money Laundering Act 2018
Sani Abacha 
Schmiergeld
secret commissions
Serious Organised Crime and Police Act 2005 
Siemens AG 
Sixgill
smuggling
Society for Worldwide Interbank Financial Telecommunication
source of the cash
"South Africa, the Financial Intelligence Centre Act (2001) "
specified unlawful activities (SUAs). 
Suspicious Activity Report (SAR) 
Suspicious Activity Reports (SAR) 
suspicious cash 
suspicious transaction reports (STRs) 
suspicious transactions 
sweetener
Tax amnesties
tax-deductible payments
telephone betting 
Terrorism Act 2000
Terrorist Finance Tracking Program ( TFTP )
Terrorist Financing Act
the 2003 United Nations Convention against Corruption
The American Medical Association has published ethical guidelines for gifts 
The Australian Transaction Reports and Analysis Centre (AUSTRAC)
The Australian Transaction Reports and Analysis Centre (AUSTRAC) 
the Branch Anti Money Laundering Compliance Officer (BAMLCO)
the Branch Anti Money Laundering Compliance Officer (BAMLCO) 
the bribe-giver and the bribe-taker
the Dominican Republic
The Fifth Money Laundering Directive (5MLD) 
The Financial Conduct Authority (FCA) 
The Financial Transactions and Reports Analysis Center of Afghanistan (FinTRACA)
The Forty Recommendations and Special Recommendations on Terrorism Financing
the Fourth Money Laundering Directive AMLD IV
the identity of a criminal 
"the Joint Money Laundering Steering Group, "
The Mutual Assistance in Criminal Matters Act (MACMA)
The Mutual Assistance in Criminal Matters Act (MACMA). 
the Nine Special Recommendations (SR) on Terrorism Financing (TF).
the Parliament of India passed an act called the Prevention of Money Laundering Act
The Proceeds of Crime Act 2002
Theft
Transaction Laundering
transaction monitoring systems
Transaction Profile (TP)
Travel Act
Undeclared workers
undertake risk assessments 
United Nations Convention Against Illicit Traffic in Narcotic Drugs and Psychotropic Subst
US Foreign Corrupt Practices Act 
White Glove
WorldCompliance PEP 
Youth crime
ZCash 
